date,ticker,weight
2024-10-31,XDEM,56%
2024-10-31,MVOL,24%
2024-10-31,SGLD,10%
2024-10-31,BITC,10%
2024-11-30,XDEM,56%
2024-11-30,MVOL,24%
2024-11-30,SGLD,10%
2024-11-30,BITC,10%
2024-12-31,XDEM,56%
2024-12-31,MVOL,24%
2024-12-31,SGLD,10%
2024-12-31,BITC,10%
2025-01-31,XDEM,56%
2025-01-31,MVOL,24%
2025-01-31,SGLD,10%
2025-01-31,BITC,10%
2025-02-28,XDEM,56%
2025-02-28,MVOL,24%
2025-02-28,SGLD,10%
2025-02-28,BITC,10%
2025-03-31,XDEM,56%
2025-03-31,MVOL,24%
2025-03-31,SGLD,10%
2025-03-31,BITC,10%
2025-04-30,XDEM,56%
2025-04-30,MVOL,24%
2025-04-30,SGLD,10%
2025-04-30,BITC,10%
2025-05-31,XDEM,56%
2025-05-31,MVOL,24%
2025-05-31,SGLD,10%
2025-05-31,BITC,10%
2025-06-30,XDEM,56%
2025-06-30,MVOL,24%
2025-06-30,SGLD,10%
2025-06-30,BITC,10%
2025-07-31,XDEM,56%
2025-07-31,MVOL,24%
2025-07-31,SGLD,10%
2025-07-31,BITC,10%
2025-08-31,XDEM,56%
2025-08-31,MVOL,24%
2025-08-31,SGLD,10%
2025-08-31,BITC,10%
2025-09-30,XDEM,56%
2025-09-30,MVOL,24%
2025-09-30,SGLD,10%
2025-09-30,BITC,10%
2025-10-31,XDEM,56%
2025-10-31,MVOL,24%
2025-10-31,SGLD,10%
2025-10-31,BITC,10%
2025-11-30,XDEM,56%
2025-11-30,MVOL,24%
2025-11-30,SGLD,10%
2025-11-30,BITC,10%
2025-12-31,XDEM,56%
2025-12-31,MVOL,24%
2025-12-31,SGLD,10%
2025-12-31,BITC,10%
2026-01-31,XDEM,56%
2026-01-31,MVOL,24%
2026-01-31,SGLD,10%
2026-01-31,BITC,10%
2026-02-28,XDEM,56%
2026-02-28,MVOL,24%
2026-02-28,SGLD,10%
2026-02-28,BITC,10%
2026-03-31,XDEM,56%
2026-03-31,MVOL,24%
2026-03-31,SGLD,10%
2026-03-31,BITC,10%
2026-04-30,XDEM,56%
2026-04-30,MVOL,26%
2026-04-30,SGLD,10%
2026-04-30,BITC,8%
2026-05-31,XDEM,56%
2026-05-31,MVOL,26%
2026-05-31,SGLD,10%
2026-05-31,BITC,8%
2026-06-30,XDEM,56%
2026-06-30,MVOL,26%
2026-06-30,SGLD,10%
2026-06-30,BITC,8%
2026-07-31,XDEM,56%
2026-07-31,MVOL,26%
2026-07-31,SGLD,10%
2026-07-31,BITC,8%
2026-08-31,XDEM,56%
2026-08-31,MVOL,26%
2026-08-31,SGLD,10%
2026-08-31,BITC,8%
2026-09-30,XDEM,56%
2026-09-30,MVOL,26%
2026-09-30,SGLD,10%
2026-09-30,BITC,8%