ticker,date,weight,yield,type,benchmark_name,portfolio_monthly_yield
XDEM,31/10/2024,56%,"1,63%",Portfolio,Portfolio,"0,91%"
MVOL,31/10/2024,24%,"0,45%",Portfolio,Portfolio,"0,11%"
SGLD,31/10/2024,10%,"6,95%",Portfolio,Portfolio,"0,70%"
BITC,31/10/2024,10%,"14,03%",Portfolio,Portfolio,"1,40%"
XDEM,30/11/2024,56%,"7,27%",Portfolio,Portfolio,"4,07%"
MVOL,30/11/2024,24%,"6,68%",Portfolio,Portfolio,"1,60%"
SGLD,30/11/2024,10%,"-0,11%",Portfolio,Portfolio,"-0,01%"
BITC,30/11/2024,10%,"43,21%",Portfolio,Portfolio,"4,32%"
XDEM,31/12/2024,56%,"-1,01%",Portfolio,Portfolio,"-0,56%"
MVOL,31/12/2024,24%,"-3,34%",Portfolio,Portfolio,"-0,80%"
SGLD,31/12/2024,10%,"0,12%",Portfolio,Portfolio,"0,01%"
BITC,31/12/2024,10%,"-1,43%",Portfolio,Portfolio,"-0,14%"
XDEM,31/01/2025,56%,"4,74%",Portfolio,Portfolio,"2,65%"
MVOL,31/01/2025,24%,"3,61%",Portfolio,Portfolio,"0,87%"
SGLD,31/01/2025,10%,"7,65%",Portfolio,Portfolio,"0,77%"
BITC,31/01/2025,10%,"10,31%",Portfolio,Portfolio,"1,03%"
XDEM,28/02/2025,56%,"0,12%",Portfolio,Portfolio,"0,07%"
MVOL,28/02/2025,24%,"3,18%",Portfolio,Portfolio,"0,76%"
SGLD,28/02/2025,10%,"0,61%",Portfolio,Portfolio,"0,06%"
BITC,28/02/2025,10%,"-20,74%",Portfolio,Portfolio,"-2,07%"
XDEM,31/03/2025,56%,"-9,22%",Portfolio,Portfolio,"-5,17%"
MVOL,31/03/2025,24%,"-3,08%",Portfolio,Portfolio,"-0,74%"
SGLD,31/03/2025,10%,"5,78%",Portfolio,Portfolio,"0,58%"
BITC,31/03/2025,10%,"-4,18%",Portfolio,Portfolio,"-0,42%"
XDEM,30/04/2025,56%,"-1,77%",Portfolio,Portfolio,"-0,99%"
MVOL,30/04/2025,24%,"-3,97%",Portfolio,Portfolio,"-0,95%"
SGLD,30/04/2025,10%,"0,79%",Portfolio,Portfolio,"0,08%"
BITC,30/04/2025,10%,"7,05%",Portfolio,Portfolio,"0,71%"
XDEM,31/05/2025,56%,"7,51%",Portfolio,Portfolio,"4,20%"
MVOL,31/05/2025,24%,"1,43%",Portfolio,Portfolio,"0,34%"
SGLD,31/05/2025,10%,"-0,46%",Portfolio,Portfolio,"-0,05%"
BITC,31/05/2025,10%,"12,84%",Portfolio,Portfolio,"1,28%"
XDEM,30/06/2025,56%,"0,25%",Portfolio,Portfolio,"0,14%"
MVOL,30/06/2025,24%,"-3,00%",Portfolio,Portfolio,"-0,72%"
SGLD,30/06/2025,10%,"-2,97%",Portfolio,Portfolio,"-0,30%"
BITC,30/06/2025,10%,"-1,58%",Portfolio,Portfolio,"-0,16%"
XDEM,31/07/2025,56%,"1,58%",Portfolio,Portfolio,"0,88%"
MVOL,31/07/2025,24%,"0,19%",Portfolio,Portfolio,"0,05%"
SGLD,31/07/2025,10%,"2,74%",Portfolio,Portfolio,"0,27%"
BITC,31/07/2025,10%,"12,72%",Portfolio,Portfolio,"1,27%"
XDEM,31/08/2025,56%,"-0,09%",Portfolio,Portfolio,"-0,05%"
MVOL,31/08/2025,24%,"0,72%",Portfolio,Portfolio,"0,17%"
SGLD,31/08/2025,10%,"2,05%",Portfolio,Portfolio,"0,20%"
BITC,31/08/2025,10%,"-9,73%",Portfolio,Portfolio,"-0,97%"
XDEM,30/09/2025,56%,"4,00%",Portfolio,Portfolio,"2,24%"
MVOL,30/09/2025,24%,"-0,52%",Portfolio,Portfolio,"-0,13%"
SGLD,30/09/2025,10%,"10,75%",Portfolio,Portfolio,"1,08%"
BITC,30/09/2025,10%,"3,52%",Portfolio,Portfolio,"0,35%"
XDEM,31/10/2025,56%,"1,55%",Portfolio,Portfolio,"0,87%"
MVOL,31/10/2025,24%,"-0,75%",Portfolio,Portfolio,"-0,18%"
SGLD,31/10/2025,10%,"6,55%",Portfolio,Portfolio,"0,66%"
BITC,31/10/2025,10%,"-0,96%",Portfolio,Portfolio,"-0,10%"
XDEM,30/11/2025,56%,"-0,26%",Portfolio,Portfolio,"-0,14%"
MVOL,30/11/2025,24%,"2,49%",Portfolio,Portfolio,"0,60%"
SGLD,30/11/2025,10%,"4,36%",Portfolio,Portfolio,"0,44%"
BITC,30/11/2025,10%,"-16,38%",Portfolio,Portfolio,"-1,64%"
XDEM,31/12/2025,56%,"-0,53%",Portfolio,Portfolio,"-0,30%"
MVOL,31/12/2025,24%,"-2,24%",Portfolio,Portfolio,"-0,54%"
SGLD,31/12/2025,10%,"1,17%",Portfolio,Portfolio,"0,12%"
BITC,31/12/2025,10%,"-6,37%",Portfolio,Portfolio,"-0,64%"
XDEM,31/01/2026,56%,"1,87%",Portfolio,Portfolio,"1,05%"
MVOL,31/01/2026,24%,"-0,32%",Portfolio,Portfolio,"-0,08%"
SGLD,31/01/2026,10%,"13,99%",Portfolio,Portfolio,"1,40%"
BITC,31/01/2026,10%,"-7,00%",Portfolio,Portfolio,"-0,70%"
XDEM,28/02/2026,56%,"1,84%",Portfolio,Portfolio,"1,03%"
MVOL,28/02/2026,24%,"5,41%",Portfolio,Portfolio,"1,30%"
SGLD,28/02/2026,10%,"5,83%",Portfolio,Portfolio,"0,58%"
BITC,28/02/2026,10%,"-19,62%",Portfolio,Portfolio,"-1,96%"
XDEM,31/03/2026,56%,"-5,86%",Portfolio,Portfolio,"-3,28%"
MVOL,31/03/2026,24%,"-2,69%",Portfolio,Portfolio,"-0,65%"
SGLD,31/03/2026,10%,"-9,41%",Portfolio,Portfolio,"-0,94%"
BITC,31/03/2026,10%,"4,40%",Portfolio,Portfolio,"0,44%"
XDEM,30/04/2026,56%,"14,68%",Portfolio,Portfolio,"8,22%"
MVOL,30/04/2026,26%,"-0,91%",Portfolio,Portfolio,"-0,24%"
SGLD,30/04/2026,10%,"-1,69%",Portfolio,Portfolio,"-0,17%"
BITC,30/04/2026,8%,"11,58%",Portfolio,Portfolio,"0,93%"
XDEM,31/05/2026,56%,"8,26%",Portfolio,Portfolio,"4,63%"
MVOL,31/05/2026,26%,"0,90%",Portfolio,Portfolio,"0,23%"
SGLD,31/05/2026,10%,"-0,94%",Portfolio,Portfolio,"-0,09%"
BITC,31/05/2026,8%,"-4,22%",Portfolio,Portfolio,"-0,34%"
XDEM,30/06/2026,56%,"9,03%",Portfolio,Portfolio,"5,06%"
MVOL,30/06/2026,26%,"1,90%",Portfolio,Portfolio,"0,49%"
SGLD,30/06/2026,10%,"-9,50%",Portfolio,Portfolio,"-0,95%"
BITC,30/06/2026,8%,"-17,49%",Portfolio,Portfolio,"-1,40%"
XDEM,31/07/2026,56%,"-10,04%",Portfolio,Portfolio,"-5,62%"
MVOL,31/07/2026,26%,"2,50%",Portfolio,Portfolio,"0,65%"
SGLD,31/07/2026,10%,"-0,79%",Portfolio,Portfolio,"-0,08%"
BITC,31/07/2026,8%,"5,74%",Portfolio,Portfolio,"0,46%"
XDEM,31/08/2026,56%,"0,56%",Portfolio,Portfolio,"0,31%"
MVOL,31/08/2026,26%,"1,38%",Portfolio,Portfolio,"0,36%"
SGLD,31/08/2026,10%,"8,80%",Portfolio,Portfolio,"0,88%"
BITC,31/08/2026,8%,"23,51%",Portfolio,Portfolio,"1,88%"
XDEM,30/09/2026,56%,"5,76%",Portfolio,Portfolio,"3,23%"
MVOL,30/09/2026,26%,"-1,47%",Portfolio,Portfolio,"-0,38%"
SGLD,30/09/2026,10%,"-3,60%",Portfolio,Portfolio,"-0,36%"
BITC,30/09/2026,8%,"9,66%",Portfolio,Portfolio,"0,77%"
