ticker,date,weight,yield,type,benchmark_name
VWCE,31/10/2024,100%,"0,50%",Benchmark,VWCE
SWDA,31/10/2024,100%,"0,84%",Benchmark,SWDA
VWCE,30/11/2024,100%,"6,75%",Benchmark,VWCE
SWDA,30/11/2024,100%,"7,75%",Benchmark,SWDA
VWCE,31/12/2024,100%,"-0,69%",Benchmark,VWCE
SWDA,31/12/2024,100%,"-0,98%",Benchmark,SWDA
VWCE,31/01/2025,100%,"3,29%",Benchmark,VWCE
SWDA,31/01/2025,100%,"3,49%",Benchmark,SWDA
VWCE,28/02/2025,100%,"-0,75%",Benchmark,VWCE
SWDA,28/02/2025,100%,"-0,90%",Benchmark,SWDA
VWCE,31/03/2025,100%,"-7,35%",Benchmark,VWCE
SWDA,31/03/2025,100%,"-8,00%",Benchmark,SWDA
VWCE,30/04/2025,100%,"-3,94%",Benchmark,VWCE
SWDA,30/04/2025,100%,"-4,05%",Benchmark,SWDA
VWCE,31/05/2025,100%,"6,01%",Benchmark,VWCE
SWDA,31/05/2025,100%,"6,26%",Benchmark,SWDA
VWCE,30/06/2025,100%,"1,05%",Benchmark,VWCE
SWDA,30/06/2025,100%,"0,91%",Benchmark,SWDA
VWCE,31/07/2025,100%,"3,77%",Benchmark,VWCE
SWDA,31/07/2025,100%,"3,73%",Benchmark,SWDA
VWCE,31/08/2025,100%,"0,67%",Benchmark,VWCE
SWDA,31/08/2025,100%,"0,74%",Benchmark,SWDA
VWCE,30/09/2025,100%,"2,84%",Benchmark,VWCE
SWDA,30/09/2025,100%,"2,48%",Benchmark,SWDA
VWCE,31/10/2025,100%,"3,81%",Benchmark,VWCE
SWDA,31/10/2025,100%,"3,66%",Benchmark,SWDA
VWCE,30/11/2025,100%,"-0,06%",Benchmark,VWCE
SWDA,30/11/2025,100%,"0,19%",Benchmark,SWDA
VWCE,31/12/2025,100%,"-0,52%",Benchmark,VWCE
SWDA,31/12/2025,100%,"-0,78%",Benchmark,SWDA
VWCE,31/01/2026,100%,"1,54%",Benchmark,VWCE
SWDA,31/01/2026,100%,"0,78%",Benchmark,SWDA
VWCE,28/02/2026,100%,"2,39%",Benchmark,VWCE
SWDA,28/02/2026,100%,"1,71%",Benchmark,SWDA
VWCE,31/03/2026,100%,"-4,83%",Benchmark,VWCE
SWDA,31/03/2026,100%,"-3,85%",Benchmark,SWDA
VWCE,30/04/2026,100%,"8,17%",Benchmark,VWCE
SWDA,30/04/2026,100%,"7,68%",Benchmark,SWDA
VWCE,31/05/2026,100%,"5,72%",Benchmark,VWCE
SWDA,31/05/2026,100%,"5,06%",Benchmark,SWDA
VWCE,30/06/2026,100%,"1,32%",Benchmark,VWCE
SWDA,30/06/2026,100%,"1,45%",Benchmark,SWDA
VWCE,31/07/2026,100%,"-0,71%",Benchmark,VWCE
SWDA,31/07/2026,100%,"-0,27%",Benchmark,SWDA
VWCE,31/08/2026,100%,"1,76%",Benchmark,VWCE
SWDA,31/08/2026,100%,"1,29%",Benchmark,SWDA
VWCE,30/09/2026,100%,"0,94%",Benchmark,VWCE
SWDA,30/09/2026,100%,"1,20%",Benchmark,SWDA
